<INVENTORY>
 <ITEM>
  <ITEMTYPE>P</ITEMTYPE>
  <ITEMID>32062</ITEMID>
  <COLOR>5</COLOR>
  <MINQTY>8</MINQTY>
 </ITEM>
 <ITEM>
  <ITEMTYPE>P</ITEMTYPE>
  <ITEMID>4519</ITEMID>
  <COLOR>86</COLOR>
  <MINQTY>10</MINQTY>
 </ITEM>
 <ITEM>
  <ITEMTYPE>P</ITEMTYPE>
  <ITEMID>6587</ITEMID>
  <COLOR>85</COLOR>
  <MINQTY>5</MINQTY>
 </ITEM>
 <ITEM>
  <ITEMTYPE>P</ITEMTYPE>
  <ITEMID>3705</ITEMID>
  <COLOR>11</COLOR>
  <MINQTY>1</MINQTY>
 </ITEM>
 <ITEM>
  <ITEMTYPE>P</ITEMTYPE>
  <ITEMID>87083</ITEMID>
  <COLOR>85</COLOR>
  <MINQTY>4</MINQTY>
 </ITEM>
 <ITEM>
  <ITEMTYPE>P</ITEMTYPE>
  <ITEMID>32073</ITEMID>
  <COLOR>86</COLOR>
  <MINQTY>10</MINQTY>
 </ITEM>
 <ITEM>
  <ITEMTYPE>P</ITEMTYPE>
  <ITEMID>44294</ITEMID>
  <COLOR>86</COLOR>
  <MINQTY>2</MINQTY>
 </ITEM>
 <ITEM>
  <ITEMTYPE>P</ITEMTYPE>
  <ITEMID>32009</ITEMID>
  <COLOR>11</COLOR>
  <MINQTY>2</MINQTY>
 </ITEM>
 <ITEM>
  <ITEMTYPE>P</ITEMTYPE>
  <ITEMID>32009</ITEMID>
  <COLOR>34</COLOR>
  <MINQTY>2</MINQTY>
 </ITEM>
 <ITEM>
  <ITEMTYPE>P</ITEMTYPE>
  <ITEMID>32525</ITEMID>
  <COLOR>11</COLOR>
  <MINQTY>1</MINQTY>
 </ITEM>
 <ITEM>
  <ITEMTYPE>P</ITEMTYPE>
  <ITEMID>41239</ITEMID>
  <COLOR>11</COLOR>
  <MINQTY>4</MINQTY>
 </ITEM>
 <ITEM>
  <ITEMTYPE>P</ITEMTYPE>
  <ITEMID>43857</ITEMID>
  <COLOR>11</COLOR>
  <MINQTY>2</MINQTY>
 </ITEM>
 <ITEM>
  <ITEMTYPE>P</ITEMTYPE>
  <ITEMID>43857</ITEMID>
  <COLOR>3</COLOR>
  <MINQTY>2</MINQTY>
 </ITEM>
 <ITEM>
  <ITEMTYPE>P</ITEMTYPE>
  <ITEMID>60483</ITEMID>
  <COLOR>11</COLOR>
  <MINQTY>8</MINQTY>
 </ITEM>
 <ITEM>
  <ITEMTYPE>P</ITEMTYPE>
  <ITEMID>32523</ITEMID>
  <COLOR>11</COLOR>
  <MINQTY>2</MINQTY>
 </ITEM>
 <ITEM>
  <ITEMTYPE>P</ITEMTYPE>
  <ITEMID>6632</ITEMID>
  <COLOR>11</COLOR>
  <MINQTY>6</MINQTY>
 </ITEM>
 <ITEM>
  <ITEMTYPE>P</ITEMTYPE>
  <ITEMID>6632</ITEMID>
  <COLOR>3</COLOR>
  <MINQTY>4</MINQTY>
 </ITEM>
 <ITEM>
  <ITEMTYPE>P</ITEMTYPE>
  <ITEMID>32449</ITEMID>
  <COLOR>11</COLOR>
  <MINQTY>4</MINQTY>
 </ITEM>
 <ITEM>
  <ITEMTYPE>P</ITEMTYPE>
  <ITEMID>32316</ITEMID>
  <COLOR>11</COLOR>
  <MINQTY>1</MINQTY>
 </ITEM>
 <ITEM>
  <ITEMTYPE>P</ITEMTYPE>
  <ITEMID>32316</ITEMID>
  <COLOR>3</COLOR>
  <MINQTY>2</MINQTY>
 </ITEM>
 <ITEM>
  <ITEMTYPE>P</ITEMTYPE>
  <ITEMID>32017</ITEMID>
  <COLOR>11</COLOR>
  <MINQTY>1</MINQTY>
 </ITEM>
 <ITEM>
  <ITEMTYPE>P</ITEMTYPE>
  <ITEMID>11478</ITEMID>
  <COLOR>11</COLOR>
  <MINQTY>3</MINQTY>
 </ITEM>
 <ITEM>
  <ITEMTYPE>P</ITEMTYPE>
  <ITEMID>32063</ITEMID>
  <COLOR>11</COLOR>
  <MINQTY>4</MINQTY>
 </ITEM>
 <ITEM>
  <ITEMTYPE>P</ITEMTYPE>
  <ITEMID>32524</ITEMID>
  <COLOR>11</COLOR>
  <MINQTY>5</MINQTY>
 </ITEM>
 <ITEM>
  <ITEMTYPE>P</ITEMTYPE>
  <ITEMID>32524</ITEMID>
  <COLOR>34</COLOR>
  <MINQTY>6</MINQTY>
 </ITEM>
 <ITEM>
  <ITEMTYPE>P</ITEMTYPE>
  <ITEMID>6629</ITEMID>
  <COLOR>11</COLOR>
  <MINQTY>2</MINQTY>
 </ITEM>
 <ITEM>
  <ITEMTYPE>P</ITEMTYPE>
  <ITEMID>40490</ITEMID>
  <COLOR>11</COLOR>
  <MINQTY>2</MINQTY>
 </ITEM>
 <ITEM>
  <ITEMTYPE>P</ITEMTYPE>
  <ITEMID>32140</ITEMID>
  <COLOR>11</COLOR>
  <MINQTY>4</MINQTY>
 </ITEM>
 <ITEM>
  <ITEMTYPE>P</ITEMTYPE>
  <ITEMID>32526</ITEMID>
  <COLOR>11</COLOR>
  <MINQTY>2</MINQTY>
 </ITEM>
 <ITEM>
  <ITEMTYPE>P</ITEMTYPE>
  <ITEMID>32526</ITEMID>
  <COLOR>34</COLOR>
  <MINQTY>2</MINQTY>
 </ITEM>
 <ITEM>
  <ITEMTYPE>P</ITEMTYPE>
  <ITEMID>32250</ITEMID>
  <COLOR>34</COLOR>
  <MINQTY>2</MINQTY>
 </ITEM>
 <ITEM>
  <ITEMTYPE>P</ITEMTYPE>
  <ITEMID>99773</ITEMID>
  <COLOR>11</COLOR>
  <MINQTY>3</MINQTY>
 </ITEM>
 <ITEM>
  <ITEMTYPE>P</ITEMTYPE>
  <ITEMID>33299</ITEMID>
  <COLOR>11</COLOR>
  <MINQTY>5</MINQTY>
 </ITEM>
 <ITEM>
  <ITEMTYPE>P</ITEMTYPE>
  <ITEMID>14720</ITEMID>
  <COLOR>86</COLOR>
  <MINQTY>1</MINQTY>
 </ITEM>
 <ITEM>
  <ITEMTYPE>P</ITEMTYPE>
  <ITEMID>x346</ITEMID>
  <COLOR>17</COLOR>
  <MINQTY>2</MINQTY>
 </ITEM>
 <ITEM>
  <ITEMTYPE>P</ITEMTYPE>
  <ITEMID>x346</ITEMID>
  <COLOR>12</COLOR>
  <MINQTY>2</MINQTY>
 </ITEM>
 <ITEM>
  <ITEMTYPE>P</ITEMTYPE>
  <ITEMID>3713</ITEMID>
  <COLOR>86</COLOR>
  <MINQTY>2</MINQTY>
 </ITEM>
 <ITEM>
  <ITEMTYPE>P</ITEMTYPE>
  <ITEMID>4265c</ITEMID>
  <COLOR>3</COLOR>
  <MINQTY>1</MINQTY>
 </ITEM>
 <ITEM>
  <ITEMTYPE>P</ITEMTYPE>
  <ITEMID>4265c</ITEMID>
  <COLOR>86</COLOR>
  <MINQTY>4</MINQTY>
 </ITEM>
 <ITEM>
  <ITEMTYPE>P</ITEMTYPE>
  <ITEMID>6589</ITEMID>
  <COLOR>2</COLOR>
  <MINQTY>2</MINQTY>
 </ITEM>
 <ITEM>
  <ITEMTYPE>P</ITEMTYPE>
  <ITEMID>32270</ITEMID>
  <COLOR>11</COLOR>
  <MINQTY>1</MINQTY>
 </ITEM>
 <ITEM>
  <ITEMTYPE>P</ITEMTYPE>
  <ITEMID>32198</ITEMID>
  <COLOR>2</COLOR>
  <MINQTY>2</MINQTY>
 </ITEM>
 <ITEM>
  <ITEMTYPE>P</ITEMTYPE>
  <ITEMID>87407</ITEMID>
  <COLOR>86</COLOR>
  <MINQTY>2</MINQTY>
 </ITEM>
 <ITEM>
  <ITEMTYPE>P</ITEMTYPE>
  <ITEMID>87761</ITEMID>
  <COLOR>11</COLOR>
  <MINQTY>1</MINQTY>
 </ITEM>
 <ITEM>
  <ITEMTYPE>P</ITEMTYPE>
  <ITEMID>11214</ITEMID>
  <COLOR>85</COLOR>
  <MINQTY>6</MINQTY>
 </ITEM>
 <ITEM>
  <ITEMTYPE>P</ITEMTYPE>
  <ITEMID>43093</ITEMID>
  <COLOR>7</COLOR>
  <MINQTY>24</MINQTY>
 </ITEM>
 <ITEM>
  <ITEMTYPE>P</ITEMTYPE>
  <ITEMID>3749</ITEMID>
  <COLOR>2</COLOR>
  <MINQTY>2</MINQTY>
 </ITEM>
 <ITEM>
  <ITEMTYPE>P</ITEMTYPE>
  <ITEMID>4274</ITEMID>
  <COLOR>86</COLOR>
  <MINQTY>5</MINQTY>
 </ITEM>
 <ITEM>
  <ITEMTYPE>P</ITEMTYPE>
  <ITEMID>32002</ITEMID>
  <COLOR>85</COLOR>
  <MINQTY>8</MINQTY>
 </ITEM>
 <ITEM>
  <ITEMTYPE>P</ITEMTYPE>
  <ITEMID>6558</ITEMID>
  <COLOR>7</COLOR>
  <MINQTY>34</MINQTY>
 </ITEM>
 <ITEM>
  <ITEMTYPE>P</ITEMTYPE>
  <ITEMID>32054</ITEMID>
  <COLOR>11</COLOR>
  <MINQTY>14</MINQTY>
 </ITEM>
 <ITEM>
  <ITEMTYPE>P</ITEMTYPE>
  <ITEMID>32556</ITEMID>
  <COLOR>2</COLOR>
  <MINQTY>4</MINQTY>
 </ITEM>
 <ITEM>
  <ITEMTYPE>P</ITEMTYPE>
  <ITEMID>15100</ITEMID>
  <COLOR>11</COLOR>
  <MINQTY>2</MINQTY>
 </ITEM>
 <ITEM>
  <ITEMTYPE>P</ITEMTYPE>
  <ITEMID>6628</ITEMID>
  <COLOR>11</COLOR>
  <MINQTY>2</MINQTY>
 </ITEM>
 <ITEM>
  <ITEMTYPE>P</ITEMTYPE>
  <ITEMID>4459</ITEMID>
  <COLOR>11</COLOR>
  <MINQTY>46</MINQTY>
 </ITEM>
 <ITEM>
  <ITEMTYPE>P</ITEMTYPE>
  <ITEMID>4073</ITEMID>
  <COLOR>17</COLOR>
  <MINQTY>2</MINQTY>
 </ITEM>
 <ITEM>
  <ITEMTYPE>P</ITEMTYPE>
  <ITEMID>4073</ITEMID>
  <COLOR>12</COLOR>
  <MINQTY>2</MINQTY>
 </ITEM>
 <ITEM>
  <ITEMTYPE>P</ITEMTYPE>
  <ITEMID>2817</ITEMID>
  <COLOR>11</COLOR>
  <MINQTY>2</MINQTY>
 </ITEM>
 <ITEM>
  <ITEMTYPE>P</ITEMTYPE>
  <ITEMID>2444</ITEMID>
  <COLOR>11</COLOR>
  <MINQTY>2</MINQTY>
 </ITEM>
 <ITEM>
  <ITEMTYPE>P</ITEMTYPE>
  <ITEMID>84599</ITEMID>
  <COLOR>86</COLOR>
  <MINQTY>1</MINQTY>
 </ITEM>
 <ITEM>
  <ITEMTYPE>P</ITEMTYPE>
  <ITEMID>58123bc01</ITEMID>
  <COLOR>86</COLOR>
  <MINQTY>1</MINQTY>
 </ITEM>
 <ITEM>
  <ITEMTYPE>P</ITEMTYPE>
  <ITEMID>99499c01</ITEMID>
  <COLOR>86</COLOR>
  <MINQTY>2</MINQTY>
 </ITEM>
 <ITEM>
  <ITEMTYPE>P</ITEMTYPE>
  <ITEMID>99498c01</ITEMID>
  <COLOR>86</COLOR>
  <MINQTY>1</MINQTY>
 </ITEM>
 <ITEM>
  <ITEMTYPE>P</ITEMTYPE>
  <ITEMID>32013</ITEMID>
  <COLOR>11</COLOR>
  <MINQTY>9</MINQTY>
 </ITEM>
 <ITEM>
  <ITEMTYPE>P</ITEMTYPE>
  <ITEMID>32034</ITEMID>
  <COLOR>11</COLOR>
  <MINQTY>4</MINQTY>
 </ITEM>
 <ITEM>
  <ITEMTYPE>P</ITEMTYPE>
  <ITEMID>32016</ITEMID>
  <COLOR>11</COLOR>
  <MINQTY>2</MINQTY>
 </ITEM>
 <ITEM>
  <ITEMTYPE>P</ITEMTYPE>
  <ITEMID>32192</ITEMID>
  <COLOR>11</COLOR>
  <MINQTY>2</MINQTY>
 </ITEM>
 <ITEM>
  <ITEMTYPE>P</ITEMTYPE>
  <ITEMID>32015</ITEMID>
  <COLOR>11</COLOR>
  <MINQTY>1</MINQTY>
 </ITEM>
 <ITEM>
  <ITEMTYPE>P</ITEMTYPE>
  <ITEMID>6536</ITEMID>
  <COLOR>11</COLOR>
  <MINQTY>8</MINQTY>
 </ITEM>
 <ITEM>
  <ITEMTYPE>P</ITEMTYPE>
  <ITEMID>6536</ITEMID>
  <COLOR>34</COLOR>
  <MINQTY>2</MINQTY>
 </ITEM>
 <ITEM>
  <ITEMTYPE>P</ITEMTYPE>
  <ITEMID>42003</ITEMID>
  <COLOR>11</COLOR>
  <MINQTY>2</MINQTY>
 </ITEM>
 <ITEM>
  <ITEMTYPE>P</ITEMTYPE>
  <ITEMID>32184</ITEMID>
  <COLOR>11</COLOR>
  <MINQTY>8</MINQTY>
 </ITEM>
 <ITEM>
  <ITEMTYPE>P</ITEMTYPE>
  <ITEMID>32291</ITEMID>
  <COLOR>11</COLOR>
  <MINQTY>4</MINQTY>
 </ITEM>
 <ITEM>
  <ITEMTYPE>P</ITEMTYPE>
  <ITEMID>41678</ITEMID>
  <COLOR>11</COLOR>
  <MINQTY>4</MINQTY>
 </ITEM>
 <ITEM>
  <ITEMTYPE>P</ITEMTYPE>
  <ITEMID>92907</ITEMID>
  <COLOR>11</COLOR>
  <MINQTY>2</MINQTY>
 </ITEM>
 <ITEM>
  <ITEMTYPE>P</ITEMTYPE>
  <ITEMID>63869</ITEMID>
  <COLOR>86</COLOR>
  <MINQTY>2</MINQTY>
 </ITEM>
 <ITEM>
  <ITEMTYPE>P</ITEMTYPE>
  <ITEMID>32039</ITEMID>
  <COLOR>11</COLOR>
  <MINQTY>1</MINQTY>
 </ITEM>
 <ITEM>
  <ITEMTYPE>P</ITEMTYPE>
  <ITEMID>44809</ITEMID>
  <COLOR>11</COLOR>
  <MINQTY>2</MINQTY>
 </ITEM>
 <ITEM>
  <ITEMTYPE>P</ITEMTYPE>
  <ITEMID>48989</ITEMID>
  <COLOR>86</COLOR>
  <MINQTY>2</MINQTY>
 </ITEM>
 <ITEM>
  <ITEMTYPE>P</ITEMTYPE>
  <ITEMID>32557</ITEMID>
  <COLOR>11</COLOR>
  <MINQTY>1</MINQTY>
 </ITEM>
 <ITEM>
  <ITEMTYPE>P</ITEMTYPE>
  <ITEMID>62462</ITEMID>
  <COLOR>11</COLOR>
  <MINQTY>2</MINQTY>
 </ITEM>
 <ITEM>
  <ITEMTYPE>P</ITEMTYPE>
  <ITEMID>87408</ITEMID>
  <COLOR>11</COLOR>
  <MINQTY>2</MINQTY>
 </ITEM>
 <ITEM>
  <ITEMTYPE>P</ITEMTYPE>
  <ITEMID>6553</ITEMID>
  <COLOR>11</COLOR>
  <MINQTY>1</MINQTY>
 </ITEM>
 <ITEM>
  <ITEMTYPE>P</ITEMTYPE>
  <ITEMID>6553</ITEMID>
  <COLOR>86</COLOR>
  <MINQTY>1</MINQTY>
 </ITEM>
 <ITEM>
  <ITEMTYPE>P</ITEMTYPE>
  <ITEMID>44350</ITEMID>
  <COLOR>34</COLOR>
  <MINQTY>1</MINQTY>
 </ITEM>
 <ITEM>
  <ITEMTYPE>P</ITEMTYPE>
  <ITEMID>44351</ITEMID>
  <COLOR>34</COLOR>
  <MINQTY>1</MINQTY>
 </ITEM>
 <ITEM>
  <ITEMTYPE>P</ITEMTYPE>
  <ITEMID>32534</ITEMID>
  <COLOR>34</COLOR>
  <MINQTY>1</MINQTY>
 </ITEM>
 <ITEM>
  <ITEMTYPE>P</ITEMTYPE>
  <ITEMID>32535</ITEMID>
  <COLOR>34</COLOR>
  <MINQTY>1</MINQTY>
 </ITEM>
 <ITEM>
  <ITEMTYPE>P</ITEMTYPE>
  <ITEMID>x873c01</ITEMID>
  <COLOR>11</COLOR>
  <MINQTY>2</MINQTY>
 </ITEM>
 <ITEM>
  <ITEMTYPE>P</ITEMTYPE>
  <ITEMID>2739a</ITEMID>
  <COLOR>85</COLOR>
  <MINQTY>2</MINQTY>
 </ITEM>
 <ITEM>
  <ITEMTYPE>P</ITEMTYPE>
  <ITEMID>95292c01</ITEMID>
  <COLOR>3</COLOR>
  <MINQTY>4</MINQTY>
 </ITEM>
 <ITEM>
  <ITEMTYPE>P</ITEMTYPE>
  <ITEMID>57515</ITEMID>
  <COLOR>85</COLOR>
  <MINQTY>4</MINQTY>
 </ITEM>
 <ITEM>
  <ITEMTYPE>P</ITEMTYPE>
  <ITEMID>32494</ITEMID>
  <COLOR>86</COLOR>
  <MINQTY>2</MINQTY>
 </ITEM>
 <ITEM>
  <ITEMTYPE>P</ITEMTYPE>
  <ITEMID>92909</ITEMID>
  <COLOR>85</COLOR>
  <MINQTY>2</MINQTY>
 </ITEM>
 <ITEM>
  <ITEMTYPE>P</ITEMTYPE>
  <ITEMID>11950</ITEMID>
  <COLOR>86</COLOR>
  <MINQTY>2</MINQTY>
 </ITEM>
 <ITEM>
  <ITEMTYPE>P</ITEMTYPE>
  <ITEMID>2819</ITEMID>
  <COLOR>86</COLOR>
  <MINQTY>1</MINQTY>
 </ITEM>
 <ITEM>
  <ITEMTYPE>P</ITEMTYPE>
  <ITEMID>62520c01</ITEMID>
  <COLOR>86</COLOR>
  <MINQTY>1</MINQTY>
 </ITEM>
 <ITEM>
  <ITEMTYPE>P</ITEMTYPE>
  <ITEMID>3069b</ITEMID>
  <COLOR>34</COLOR>
  <MINQTY>2</MINQTY>
 </ITEM>
 <ITEM>
  <ITEMTYPE>P</ITEMTYPE>
  <ITEMID>2431px17</ITEMID>
  <COLOR>85</COLOR>
  <MINQTY>1</MINQTY>
 </ITEM>
 <ITEM>
  <ITEMTYPE>P</ITEMTYPE>
  <ITEMID>32199</ITEMID>
  <COLOR>11</COLOR>
  <MINQTY>2</MINQTY>
 </ITEM>
 <ITEM>
  <ITEMTYPE>P</ITEMTYPE>
  <ITEMID>61480</ITEMID>
  <COLOR>11</COLOR>
  <MINQTY>4</MINQTY>
 </ITEM>
 <ITEM>
  <ITEMTYPE>P</ITEMTYPE>
  <ITEMID>41896</ITEMID>
  <COLOR>86</COLOR>
  <MINQTY>4</MINQTY>
 </ITEM>
</INVENTORY>